flow_key,packet_count,prediction,vpn_probability,label
"('0.0.0.0', '255.255.255.255')",473,0,0.4660878232310698,Non-VPN
"('10.2.0.1', '172.17.15.97')",3,1,0.514879091585417,VPN
"('103.125.235.18', '172.17.15.97')",3,1,0.6441189388704563,VPN
"('103.133.221.35', '172.17.15.97')",14,0,0.49212595987757396,Non-VPN
"('104.18.39.21', '172.17.15.97')",15,0,0.47757881429112986,Non-VPN
"('104.21.27.25', '172.17.15.97')",45,0,0.26061867447630094,Non-VPN
"('13.107.6.158', '172.17.15.97')",64,1,0.6386445612477647,VPN
"('13.107.9.158', '172.17.15.97')",52,1,0.6428352909219367,VPN
"('13.89.178.26', '172.17.15.97')",249,0,0.26091194031156023,Non-VPN
"('13.89.179.11', '172.17.15.97')",81,0,0.36686010945072295,Non-VPN
"('142.250.193.170', '172.17.15.97')",21,0,0.35996381281359097,Non-VPN
"('142.251.221.106', '172.17.15.97')",10,0,0.45605248739312787,Non-VPN
"('149.34.244.134', '172.17.15.97')",16726,0,0.27709733527143615,Non-VPN
"('15.197.206.217', '172.17.15.97')",47,0,0.35641378976943633,Non-VPN
"('150.171.28.11', '172.17.15.97')",79,0,0.36751821778780397,Non-VPN
"('169.254.137.127', '169.254.255.255')",11,0,0.45811064341740254,Non-VPN
"('169.254.137.127', '224.0.0.251')",14,0,0.45282535983647726,Non-VPN
"('169.254.137.127', '239.255.255.250')",11,0,0.4694541164669537,Non-VPN
"('169.254.177.162', '224.0.0.251')",2,0,0.35276526738607017,Non-VPN
"('169.254.177.162', '224.0.0.252')",2,1,0.5123639250693843,VPN
"('169.254.177.162', '239.255.255.250')",5,1,0.5129091137534466,VPN
"('169.254.255.255', '169.254.29.187')",7,0,0.498267291738546,Non-VPN
"('169.254.255.255', '169.254.6.195')",6,0,0.4312078330897227,Non-VPN
"('169.254.255.255', '169.254.81.219')",12,0,0.45657051838299845,Non-VPN
"('169.254.29.187', '224.0.0.251')",7,0,0.498267291738546,Non-VPN
"('169.254.29.187', '224.0.0.252')",2,1,0.5004616139116088,VPN
"('169.254.29.187', '239.255.255.250')",7,1,0.536285037782062,VPN
"('169.254.81.219', '224.0.0.251')",12,1,0.5125894652202558,VPN
"('169.254.81.219', '224.0.0.252')",3,0,0.4329829434071537,Non-VPN
"('169.254.81.219', '239.255.255.250')",25,0,0.4400737787213201,Non-VPN
"('172.16.6.249', '172.17.15.97')",33,0,0.44144843941440226,Non-VPN
"('172.16.6.250', '172.17.15.97')",70,1,0.6091773390475569,VPN
"('172.17.0.1', '255.255.255.255')",55,0,0.4571499760871586,Non-VPN
"('172.17.0.101', '224.0.0.251')",45,0,0.49560940742416526,Non-VPN
"('172.17.0.106', '224.0.0.251')",14,0,0.38504101352610065,Non-VPN
"('172.17.0.108', '224.0.0.251')",19,1,0.5623177052112335,VPN
"('172.17.0.109', '172.17.15.255')",23,1,0.5230831220939436,VPN
"('172.17.0.109', '224.0.0.252')",11,0,0.47494183656536515,Non-VPN
"('172.17.0.109', '239.255.255.250')",6,0,0.46101989458493564,Non-VPN
"('172.17.0.11', '172.17.15.97')",7,0,0.4482030078720271,Non-VPN
"('172.17.0.11', '224.0.0.251')",47,0,0.4747997569294345,Non-VPN
"('172.17.0.115', '224.0.0.251')",615,0,0.43744151214550653,Non-VPN
"('172.17.0.119', '224.0.0.251')",53,1,0.5019405645003221,VPN
"('172.17.0.119', '239.255.255.250')",26,0,0.39942000248940646,Non-VPN
"('172.17.0.123', '239.255.255.250')",10,0,0.49564292938544546,Non-VPN
"('172.17.0.13', '224.0.0.251')",38,0,0.41190642059314136,Non-VPN
"('172.17.0.137', '224.0.0.252')",2,1,0.5169457733919939,VPN
"('172.17.0.15', '172.17.15.255')",8,0,0.4862411346814754,Non-VPN
"('172.17.0.156', '172.17.15.255')",12,0,0.45125074849621166,Non-VPN
"('172.17.0.156', '224.0.0.251')",16,0,0.48264520701984986,Non-VPN
"('172.17.0.156', '224.0.0.252')",4,0,0.49259796310457543,Non-VPN
"('172.17.0.182', '224.0.0.251')",16,0,0.44652832604099585,Non-VPN
"('172.17.0.185', '224.0.0.251')",2,1,0.5596472812808855,VPN
"('172.17.0.192', '239.255.255.250')",11,0,0.4950771480961253,Non-VPN
"('172.17.0.20', '224.0.0.251')",5,0,0.46549452508349604,Non-VPN
"('172.17.0.202', '239.255.255.250')",51,0,0.47635405602425224,Non-VPN
"('172.17.0.241', '172.17.15.255')",2,1,0.6363721910630388,VPN
"('172.17.0.241', '224.0.0.251')",43,0,0.4856629210177932,Non-VPN
"('172.17.0.241', '239.255.255.250')",11,1,0.5056429293854454,VPN
"('172.17.0.244', '239.255.255.250')",214,0,0.4734238708838063,Non-VPN
"('172.17.0.253', '224.0.0.251')",4,0,0.49701807662461817,Non-VPN
"('172.17.0.253', '239.255.255.250')",3,0,0.4309829150981831,Non-VPN
"('172.17.0.27', '224.0.0.251')",20,1,0.6135050790595703,VPN
"('172.17.0.27', '239.255.255.250')",3,1,0.6464311575864709,VPN
"('172.17.0.29', '224.0.0.251')",42,0,0.4821305916824158,Non-VPN
"('172.17.0.42', '172.17.15.97')",12,0,0.3736863725402887,Non-VPN
"('172.17.0.42', '224.0.0.251')",48,0,0.4747997569294345,Non-VPN
"('172.17.0.42', '239.255.255.250')",5,1,0.5438995754204611,VPN
"('172.17.0.54', '239.255.255.250')",3,0,0.4310172437574793,Non-VPN
"('172.17.0.55', '224.0.0.251')",11,1,0.5127864579681343,VPN
"('172.17.0.55', '224.0.0.252')",2,1,0.5169457733919939,VPN
"('172.17.0.58', '224.0.0.251')",7,1,0.6103002832831375,VPN
"('172.17.0.62', '172.17.15.255')",10,0,0.4637840826066043,Non-VPN
"('172.17.0.62', '224.0.0.251')",74,0,0.3956023964966084,Non-VPN
"('172.17.0.65', '172.17.15.255')",2,0,0.4738948782513605,Non-VPN
"('172.17.0.65', '224.0.0.251')",181,0,0.4257008620320935,Non-VPN
"('172.17.0.65', '239.255.255.250')",30,1,0.5570817897721793,VPN
"('172.17.0.66', '224.0.0.251')",20,1,0.5018695193325735,VPN
"('172.17.0.66', '239.255.255.250')",14,1,0.5270762826332746,VPN
"('172.17.0.67', '224.0.0.251')",17,1,0.6343089847679226,VPN
"('172.17.0.71', '224.0.0.251')",3,0,0.4438720539668691,Non-VPN
"('172.17.0.95', '224.0.0.251')",6,0,0.45156686910074895,Non-VPN
"('172.17.1.101', '239.255.255.250')",9,1,0.517723402741929,VPN
"('172.17.1.122', '172.17.15.255')",18,1,0.536615451429321,VPN
"('172.17.1.122', '224.0.0.251')",265,0,0.4495597272088036,Non-VPN
"('172.17.1.122', '224.0.0.252')",2,1,0.5004616139116088,VPN
"('172.17.1.122', '239.255.255.250')",22,1,0.5025846770380883,VPN
"('172.17.1.122', '255.255.255.255')",67,0,0.45654675890906593,Non-VPN
"('172.17.1.127', '172.17.15.255')",11,1,0.5037478050374591,VPN
"('172.17.1.127', '224.0.0.251')",10,1,0.5058928135254938,VPN
"('172.17.1.127', '224.0.0.252')",8,1,0.5158928135254937,VPN
"('172.17.1.127', '239.255.255.250')",2,1,0.5596472812808855,VPN
"('172.17.1.131', '239.255.255.250')",14,0,0.49974209370290057,Non-VPN
"('172.17.1.137', '224.0.0.251')",571,0,0.4558514301100486,Non-VPN
"('172.17.1.142', '239.255.255.250')",13,1,0.5022848210862285,VPN
"('172.17.1.148', '224.0.0.251')",4,1,0.5377011070271285,VPN
"('172.17.1.151', '224.0.0.251')",3,0,0.47426437768208,Non-VPN
"('172.17.1.155', '172.17.15.255')",12,0,0.4557725068848342,Non-VPN
"('172.17.1.155', '224.0.0.251')",67,0,0.4693301997906296,Non-VPN
"('172.17.1.155', '224.0.0.252')",5,0,0.45074444900255517,Non-VPN
"('172.17.1.155', '239.255.255.250')",32,1,0.5613453742872401,VPN
"('172.17.1.17', '239.255.255.250')",14,0,0.422263933929963,Non-VPN
"('172.17.1.187', '224.0.0.251')",10,1,0.6012783130187773,VPN
"('172.17.1.19', '224.0.0.251')",36,0,0.43967856477789286,Non-VPN
"('172.17.1.19', '239.255.255.250')",12,0,0.4950771480961253,Non-VPN
"('172.17.1.193', '172.17.15.255')",39,1,0.6319713523619211,VPN
"('172.17.1.193', '224.0.0.251')",29,1,0.6385662700220205,VPN
"('172.17.1.193', '224.0.0.252')",8,1,0.5158928135254937,VPN
"('172.17.1.193', '239.255.255.250')",10,0,0.4459883919000999,Non-VPN
"('172.17.1.193', '255.255.255.255')",67,0,0.4205857489341705,Non-VPN
"('172.17.1.196', '224.0.0.251')",4,0,0.4993805780990374,Non-VPN
"('172.17.1.196', '239.255.255.250')",7,1,0.516285037782062,VPN
"('172.17.1.202', '224.0.0.251')",362,0,0.42438938285588795,Non-VPN
"('172.17.1.21', '172.17.15.97')",16,0,0.4015832637769687,Non-VPN
"('172.17.1.21', '224.0.0.251')",51,0,0.49479975692943445,Non-VPN
"('172.17.1.212', '224.0.0.251')",25,0,0.4991420798325034,Non-VPN
"('172.17.1.224', '239.255.255.250')",12,0,0.4950771480961253,Non-VPN
"('172.17.1.226', '172.17.15.255')",2,1,0.6370437960105512,VPN
"('172.17.1.226', '224.0.0.251')",7,1,0.5541057876651454,VPN
"('172.17.1.226', '239.255.255.250')",15,0,0.40308242257825455,Non-VPN
"('172.17.1.230', '172.17.15.97')",3754,0,0.3719882672422426,Non-VPN
"('172.17.1.230', '224.0.0.252')",2,1,0.5095216831893916,VPN
"('172.17.1.232', '224.0.0.251')",2,1,0.5077630808702164,VPN
"('172.17.1.243', '224.0.0.251')",507,0,0.440971919209388,Non-VPN
"('172.17.1.243', '239.255.255.250')",16,0,0.4874152846286936,Non-VPN
"('172.17.1.31', '224.0.0.251')",319,0,0.48430674473121677,Non-VPN
"('172.17.1.38', '224.0.0.251')",1274,0,0.42930047892710393,Non-VPN
"('172.17.1.38', '224.0.0.252')",9,1,0.5236613855396979,VPN
"('172.17.1.4', '224.0.0.251')",46,0,0.4804576115999236,Non-VPN
"('172.17.1.4', '239.255.255.250')",10,0,0.4998565696608327,Non-VPN
"('172.17.1.40', '172.17.15.255')",9,0,0.455494525083496,Non-VPN
"('172.17.1.40', '224.0.0.252')",5,0,0.4323375669994091,Non-VPN
"('172.17.1.40', '239.255.255.250')",8,1,0.5245721685858402,VPN
"('172.17.1.47', '172.17.15.97')",16,0,0.4635018696864654,Non-VPN
"('172.17.1.58', '239.255.255.250')",10,0,0.36580098363700214,Non-VPN
"('172.17.1.64', '224.0.0.251')",45,0,0.4847997569294345,Non-VPN
"('172.17.1.64', '239.255.255.250')",3,1,0.5496472812808855,VPN
"('172.17.1.69', '224.0.0.251')",58,0,0.4700848704962782,Non-VPN
"('172.17.1.77', '172.17.15.97')",262,0,0.4040700552763605,Non-VPN
"('172.17.1.82', '172.17.15.97')",60,0,0.42804645003656,Non-VPN
"('172.17.1.82', '224.0.0.251')",45,0,0.49479975692943445,Non-VPN
"('172.17.1.85', '224.0.0.251')",42,0,0.4681176222618657,Non-VPN
"('172.17.1.85', '224.0.0.252')",2,0,0.44850361107941006,Non-VPN
"('172.17.1.85', '239.255.255.250')",24,1,0.5021870131901939,VPN
"('172.17.1.86', '172.17.15.97')",1204,0,0.433828777184722,Non-VPN
"('172.17.1.86', '224.0.0.251')",47,0,0.4747997569294345,Non-VPN
"('172.17.1.9', '224.0.0.251')",16,0,0.33706834045472384,Non-VPN
"('172.17.1.94', '224.0.0.251')",6,1,0.5500953136694731,VPN
"('172.17.1.97', '224.0.0.252')",2,1,0.5121663518272864,VPN
"('172.17.10.118', '224.0.0.251')",12,0,0.45485064001506736,Non-VPN
"('172.17.10.12', '239.255.255.250')",2,1,0.5596472812808855,VPN
"('172.17.10.120', '172.17.15.255')",8,1,0.5348254495416396,VPN
"('172.17.10.120', '224.0.0.251')",64,0,0.4296714302324688,Non-VPN
"('172.17.10.124', '224.0.0.251')",10,0,0.48124443880118534,Non-VPN
"('172.17.10.129', '224.0.0.251')",4,0,0.3589061657154016,Non-VPN
"('172.17.10.13', '224.0.0.22')",2,1,0.5137647359321281,VPN
"('172.17.10.136', '224.0.0.251')",23,0,0.4400817181031249,Non-VPN
"('172.17.10.14', '224.0.0.251')",9,1,0.5953158921047657,VPN
"('172.17.10.141', '239.255.255.250')",10,0,0.490863507820738,Non-VPN
"('172.17.10.148', '172.17.15.255')",2,1,0.6343746307635325,VPN
"('172.17.10.148', '172.17.15.97')",28,0,0.43230183585437437,Non-VPN
"('172.17.10.148', '224.0.0.251')",48,0,0.46700897639606664,Non-VPN
"('172.17.10.148', '224.0.0.252')",2,1,0.5169457733919939,VPN
"('172.17.10.148', '239.255.255.250')",14,0,0.3416473721019315,Non-VPN
"('172.17.10.15', '224.0.0.251')",9,0,0.42341266677622513,Non-VPN
"('172.17.10.151', '224.0.0.251')",61,0,0.4295444701216583,Non-VPN
"('172.17.10.152', '172.17.15.255')",4,0,0.4474637317763036,Non-VPN
"('172.17.10.152', '224.0.0.251')",76,0,0.40675898414376205,Non-VPN
"('172.17.10.153', '172.17.15.97')",22,0,0.3330871947317107,Non-VPN
"('172.17.10.153', '224.0.0.251')",44,0,0.4847997569294345,Non-VPN
"('172.17.10.159', '224.0.0.251')",48,0,0.4783320862648119,Non-VPN
"('172.17.10.162', '239.255.255.250')",5,1,0.5645497349720963,VPN
"('172.17.10.167', '224.0.0.251')",46,0,0.49372367862173666,Non-VPN
"('172.17.10.167', '239.255.255.250')",6,1,0.5309514906968363,VPN
"('172.17.10.168', '224.0.0.251')",27,0,0.48105842734302784,Non-VPN
"('172.17.10.168', '239.255.255.250')",3,0,0.46804459741583015,Non-VPN
"('172.17.10.174', '172.17.15.255')",6,1,0.5500953136694731,VPN
"('172.17.10.176', '224.0.0.251')",26,0,0.47105842734302783,Non-VPN
"('172.17.10.179', '224.0.0.251')",85,0,0.49400498631869155,Non-VPN
"('172.17.10.187', '224.0.0.251')",601,0,0.4558514301100486,Non-VPN
"('172.17.10.194', '224.0.0.251')",28,0,0.3679350488544771,Non-VPN
"('172.17.10.232', '224.0.0.252')",2,1,0.5053064569060955,VPN
"('172.17.10.241', '172.17.15.255')",3,1,0.6757774848656617,VPN
"('172.17.10.241', '224.0.0.251')",66,0,0.4792120061545373,Non-VPN
"('172.17.10.241', '239.255.255.250')",28,1,0.5619741063437165,VPN
"('172.17.10.243', '239.255.255.250')",3,0,0.3958002180220763,Non-VPN
"('172.17.10.253', '224.0.0.251')",16,1,0.5445790250280611,VPN
"('172.17.10.27', '224.0.0.251')",6,1,0.501843663839482,VPN
"('172.17.10.36', '224.0.0.22')",2,1,0.5134449660632482,VPN
"('172.17.10.36', '224.0.0.251')",45,0,0.4907867875088845,Non-VPN
"('172.17.10.36', '239.255.255.250')",14,0,0.4774152846286936,Non-VPN
"('172.17.10.38', '172.17.15.255')",4,0,0.46101989458493564,Non-VPN
"('172.17.10.38', '224.0.0.251')",75,0,0.4299642263237507,Non-VPN
"('172.17.10.59', '172.17.15.255')",5,0,0.4439651687258528,Non-VPN
"('172.17.10.59', '224.0.0.251')",8,0,0.4289076546227447,Non-VPN
"('172.17.10.59', '224.0.0.252')",3,0,0.46272189353631404,Non-VPN
"('172.17.10.63', '224.0.0.251')",24,1,0.5976438429979187,VPN
"('172.17.10.68', '224.0.0.251')",7,1,0.5091662024768664,VPN
"('172.17.10.7', '224.0.0.251')",53,0,0.4879398620082436,Non-VPN
"('172.17.10.72', '224.0.0.251')",2,1,0.5073607690500247,VPN
"('172.17.10.72', '239.255.255.250')",4,0,0.44491106926256047,Non-VPN
"('172.17.10.8', '172.17.15.255')",15,1,0.5295507927585661,VPN
"('172.17.10.8', '224.0.0.251')",6,0,0.3566331979623543,Non-VPN
"('172.17.10.86', '239.255.255.250')",3,1,0.5180320193622656,VPN
"('172.17.10.88', '172.17.15.255')",6,0,0.4061053851992418,Non-VPN
"('172.17.10.88', '224.0.0.251')",85,0,0.4371499760871586,Non-VPN
"('172.17.10.94', '172.17.15.255')",7,0,0.45718276124171014,Non-VPN
"('172.17.10.94', '224.0.0.251')",27,1,0.5180669872651464,VPN
"('172.17.10.94', '224.0.0.252')",4,1,0.5022751565679031,VPN
"('172.17.10.94', '239.255.255.250')",18,1,0.5146149933160288,VPN
"('172.17.11.1', '172.17.15.255')",2,1,0.6382946428307675,VPN
"('172.17.11.1', '224.0.0.251')",5,1,0.589326366100438,VPN
"('172.17.11.1', '239.255.255.250')",10,0,0.4742751795498845,Non-VPN
"('172.17.11.108', '224.0.0.251')",6,0,0.3787841450022068,Non-VPN
"('172.17.11.108', '239.255.255.250')",14,1,0.525758702048656,VPN
"('172.17.11.115', '172.17.15.97')",7422,0,0.258053897019991,Non-VPN
"('172.17.11.115', '224.0.0.251')",52,0,0.49392689258769357,Non-VPN
"('172.17.11.115', '239.255.255.250')",11,0,0.3507711598298816,Non-VPN
"('172.17.11.122', '172.17.15.255')",25,1,0.5050067224047187,VPN
"('172.17.11.122', '172.17.15.97')",7,0,0.42777750723603547,Non-VPN
"('172.17.11.122', '224.0.0.251')",83,0,0.48322497557508726,Non-VPN
"('172.17.11.122', '224.0.0.252')",23,0,0.4294523990530103,Non-VPN
"('172.17.11.122', '239.255.255.250')",33,0,0.48445563043272766,Non-VPN
"('172.17.11.131', '172.17.15.97')",58,0,0.42564817622014095,Non-VPN
"('172.17.11.131', '224.0.0.251')",642,0,0.4393039822815822,Non-VPN
"('172.17.11.135', '239.255.255.250')",11,0,0.490863507820738,Non-VPN
"('172.17.11.137', '224.0.0.251')",15,1,0.5160654793287177,VPN
"('172.17.11.144', '224.0.0.251')",19,0,0.4279128856488056,Non-VPN
"('172.17.11.144', '239.255.255.250')",6,1,0.6195483520640649,VPN
"('172.17.11.151', '224.0.0.251')",47,0,0.48713126068140084,Non-VPN
"('172.17.11.151', '224.0.0.252')",2,1,0.5169457733919939,VPN
"('172.17.11.151', '239.255.255.250')",8,0,0.4863287474326388,Non-VPN
"('172.17.11.156', '172.17.15.255')",2,1,0.5432238133749336,VPN
"('172.17.11.156', '224.0.0.251')",18,0,0.4702541257531213,Non-VPN
"('172.17.11.156', '224.0.0.252')",5,1,0.5208314644195823,VPN
"('172.17.11.156', '239.255.255.250')",12,0,0.490863507820738,Non-VPN
"('172.17.11.158', '172.17.15.255')",3,1,0.6078725125537006,VPN
"('172.17.11.158', '224.0.0.251')",4,1,0.6241189388704564,VPN
"('172.17.11.158', '239.255.255.250')",11,0,0.42748745615545125,Non-VPN
"('172.17.11.170', '172.17.15.97')",7,0,0.4257922158264508,Non-VPN
"('172.17.11.170', '239.255.255.250')",9,1,0.5545079440271131,VPN
"('172.17.11.172', '239.255.255.250')",3,0,0.3766376785615285,Non-VPN
"('172.17.11.178', '224.0.0.252')",2,1,0.5048355170743052,VPN
"('172.17.11.178', '239.255.255.250')",12,1,0.5226678670702851,VPN
"('172.17.11.18', '224.0.0.251')",72,1,0.6212694353493149,VPN
"('172.17.11.18', '239.255.255.250')",2,1,0.5596472812808855,VPN
"('172.17.11.183', '224.0.0.251')",21,1,0.5109402740800312,VPN
"('172.17.11.183', '239.255.255.250')",4,0,0.384720486054984,Non-VPN
"('172.17.11.187', '224.0.0.251')",30,0,0.462815521396996,Non-VPN
"('172.17.11.189', '224.0.0.251')",19,0,0.4279128856488056,Non-VPN
"('172.17.11.189', '239.255.255.250')",5,1,0.6302296630040748,VPN
"('172.17.11.196', '224.0.0.251')",7,1,0.6294940222946174,VPN
"('172.17.11.198', '224.0.0.251')",15,0,0.47897612323267763,Non-VPN
"('172.17.11.21', '224.0.0.251')",40,1,0.5070707182578653,VPN
"('172.17.11.222', '172.17.15.255')",3,0,0.41137199730597324,Non-VPN
"('172.17.11.222', '224.0.0.252')",4,0,0.4323375669994091,Non-VPN
"('172.17.11.224', '172.17.15.255')",12,0,0.46577250688483424,Non-VPN
"('172.17.11.224', '224.0.0.251')",6,0,0.47350211687426175,Non-VPN
"('172.17.11.224', '224.0.0.252')",3,0,0.47583695894791345,Non-VPN
"('172.17.11.224', '239.255.255.250')",9,1,0.5439998006760147,VPN
"('172.17.11.229', '224.0.0.251')",29,1,0.625391707475379,VPN
"('172.17.11.23', '224.0.0.251')",40,0,0.4778119098427544,Non-VPN
"('172.17.11.23', '224.0.0.252')",2,1,0.5048355170743052,VPN
"('172.17.11.23', '239.255.255.250')",10,0,0.4463672954501142,Non-VPN
"('172.17.11.247', '224.0.0.251')",29,1,0.512628170060779,VPN
"('172.17.11.54', '172.17.15.255')",12,0,0.45125074849621166,Non-VPN
"('172.17.11.54', '224.0.0.251')",4,1,0.5208314644195823,VPN
"('172.17.11.54', '224.0.0.252')",2,1,0.5004616139116088,VPN
"('172.17.11.54', '239.255.255.250')",8,1,0.51948088765107,VPN
"('172.17.11.59', '172.17.15.97')",27,0,0.4821498437176926,Non-VPN
"('172.17.11.59', '224.0.0.251')",47,0,0.4747997569294345,Non-VPN
"('172.17.11.70', '224.0.0.251')",26,0,0.43531338102289047,Non-VPN
"('172.17.11.84', '172.17.15.97')",3,0,0.38045458351409805,Non-VPN
"('172.17.11.84', '224.0.0.251')",48,0,0.4859535339208721,Non-VPN
"('172.17.11.86', '224.0.0.251')",81,0,0.44128321477284305,Non-VPN
"('172.17.11.87', '172.17.15.255')",14,0,0.39232101445836515,Non-VPN
"('172.17.11.87', '224.0.0.251')",22,1,0.5176241193870096,VPN
"('172.17.11.87', '239.255.255.250')",4,1,0.6241189388704564,VPN
"('172.17.11.89', '224.0.0.251')",49,0,0.4804576115999236,Non-VPN
"('172.17.11.94', '224.0.0.251')",2,1,0.6525291006022084,VPN
"('172.17.11.94', '239.255.255.250')",11,1,0.5098565696608327,VPN
"('172.17.11.95', '172.17.15.255')",3,1,0.5944806617196362,VPN
"('172.17.11.95', '172.17.15.97')",685,0,0.45179723644225533,Non-VPN
"('172.17.11.95', '224.0.0.251')",35,0,0.4496785647778928,Non-VPN
"('172.17.11.95', '239.255.255.250')",14,1,0.573395513284025,VPN
"('172.17.12.106', '224.0.0.251')",47,0,0.4807867875088845,Non-VPN
"('172.17.12.106', '239.255.255.250')",4,0,0.41048800577141636,Non-VPN
"('172.17.12.108', '224.0.0.251')",10,1,0.5180201332156772,VPN
"('172.17.12.108', '239.255.255.250')",6,1,0.6471492148469712,VPN
"('172.17.12.124', '172.17.15.97')",34,1,0.5245555322261347,VPN
"('172.17.12.124', '224.0.0.251')",56,0,0.4769447654174691,Non-VPN
"('172.17.12.131', '224.0.0.251')",26,1,0.5002862642890151,VPN
"('172.17.12.138', '172.17.15.255')",4,1,0.623326057328615,VPN
"('172.17.12.138', '224.0.0.251')",44,0,0.43625174290424773,Non-VPN
"('172.17.12.138', '239.255.255.250')",28,0,0.4262296118198828,Non-VPN
"('172.17.12.143', '224.0.0.251')",31,0,0.41351829693935227,Non-VPN
"('172.17.12.144', '224.0.0.252')",2,1,0.5135135333925697,VPN
"('172.17.12.148', '224.0.0.251')",3,0,0.47426437768208,Non-VPN
"('172.17.12.149', '224.0.0.251')",6,1,0.6318516716235657,VPN
"('172.17.12.15', '224.0.0.251')",52,0,0.4804576115999236,Non-VPN
"('172.17.12.156', '224.0.0.251')",10,0,0.41596061265909384,Non-VPN
"('172.17.12.160', '224.0.0.251')",597,0,0.4558514301100486,Non-VPN
"('172.17.12.165', '172.17.15.255')",10,0,0.4788805467606938,Non-VPN
"('172.17.12.165', '224.0.0.251')",19,0,0.4819459428302018,Non-VPN
"('172.17.12.165', '224.0.0.252')",9,1,0.5003393627398723,VPN
"('172.17.12.165', '239.255.255.250')",15,1,0.6238774824210565,VPN
"('172.17.12.170', '172.17.15.255')",2,1,0.5702863473285527,VPN
"('172.17.12.170', '224.0.0.251')",522,0,0.4591789956958621,Non-VPN
"('172.17.12.170', '239.255.255.250')",13,0,0.48798106591801377,Non-VPN
"('172.17.12.195', '224.0.0.251')",62,0,0.4700848704962782,Non-VPN
"('172.17.12.198', '172.17.15.255')",2,1,0.5778361795152855,VPN
"('172.17.12.199', '224.0.0.251')",12,0,0.44497009192792675,Non-VPN
"('172.17.12.215', '224.0.0.251')",17,1,0.5343956201294159,VPN
"('172.17.12.22', '224.0.0.251')",20,0,0.4082739890745757,Non-VPN
"('172.17.12.22', '239.255.255.250')",7,1,0.5309514906968363,VPN
"('172.17.12.222', '224.0.0.251')",553,0,0.4558514301100486,Non-VPN
"('172.17.12.222', '239.255.255.250')",18,0,0.3826917891052033,Non-VPN
"('172.17.12.227', '224.0.0.251')",46,1,0.5007867875088845,VPN
"('172.17.12.227', '239.255.255.250')",11,0,0.3766146498051431,Non-VPN
"('172.17.12.228', '224.0.0.251')",6,0,0.3531292902954036,Non-VPN
"('172.17.12.240', '224.0.0.251')",8,0,0.4266155128328043,Non-VPN
"('172.17.12.240', '239.255.255.250')",14,1,0.5169174318486981,VPN
"('172.17.12.243', '172.17.15.255')",10,0,0.4829786573853914,Non-VPN
"('172.17.12.243', '224.0.0.251')",16,1,0.5044335454557182,VPN
"('172.17.12.244', '224.0.0.252')",2,1,0.5053064569060955,VPN
"('172.17.12.253', '172.17.15.255')",3,0,0.4275492848924886,Non-VPN
"('172.17.12.253', '224.0.0.251')",36,1,0.6205909116593599,VPN
"('172.17.12.253', '224.0.0.252')",9,1,0.506897710376219,VPN
"('172.17.12.253', '239.255.255.250')",27,1,0.6287517683035195,VPN
"('172.17.12.39', '224.0.0.251')",5,0,0.48024227281226667,Non-VPN
"('172.17.12.44', '224.0.0.251')",219,0,0.48987147231184897,Non-VPN
"('172.17.12.44', '239.255.255.250')",6,0,0.4880061799414836,Non-VPN
"('172.17.12.48', '224.0.0.251')",9,1,0.5650194617120777,VPN
"('172.17.12.52', '224.0.0.251')",13,1,0.5424246319323697,VPN
"('172.17.12.54', '224.0.0.251')",6,1,0.5260054404347332,VPN
"('172.17.12.55', '224.0.0.251')",22,0,0.3996071584351026,Non-VPN
"('172.17.12.69', '172.17.15.255')",2,1,0.5596472812808855,VPN
"('172.17.12.69', '224.0.0.251')",23,0,0.47828677729337415,Non-VPN
"('172.17.12.69', '239.255.255.250')",17,0,0.4986134442440068,Non-VPN
"('172.17.12.86', '224.0.0.251')",16,0,0.4646625043413339,Non-VPN
"('172.17.12.88', '224.0.0.251')",47,0,0.4783320862648119,Non-VPN
"('172.17.12.95', '172.17.15.255')",18,1,0.5084737348636894,VPN
"('172.17.12.95', '224.0.0.251')",14,1,0.5230831220939435,VPN
"('172.17.12.98', '224.0.0.251')",2,1,0.5073607690500247,VPN
"('172.17.12.98', '239.255.255.250')",5,0,0.44491106926256047,Non-VPN
"('172.17.13.107', '224.0.0.251')",40,0,0.49801785664687215,Non-VPN
"('172.17.13.114', '224.0.0.251')",9,0,0.4268952113987525,Non-VPN
"('172.17.13.116', '172.17.15.255')",14,1,0.5704427171035437,VPN
"('172.17.13.116', '224.0.0.251')",48,1,0.6395258119178124,VPN
"('172.17.13.116', '224.0.0.252')",20,1,0.6240084528118485,VPN
"('172.17.13.116', '255.255.255.255')",22,0,0.46953157574783333,Non-VPN
"('172.17.13.118', '224.0.0.251')",2,1,0.5210908177038792,VPN
"('172.17.13.128', '224.0.0.251')",50,0,0.49479975692943445,Non-VPN
"('172.17.13.136', '224.0.0.251')",11,0,0.35089631091845935,Non-VPN
"('172.17.13.145', '224.0.0.251')",592,0,0.4558514301100486,Non-VPN
"('172.17.13.145', '239.255.255.250')",16,0,0.49219470619340105,Non-VPN
"('172.17.13.150', '224.0.0.251')",15,1,0.5078980777077331,VPN
"('172.17.13.155', '224.0.0.251')",43,0,0.4721305916824157,Non-VPN
"('172.17.13.168', '239.255.255.250')",16,0,0.4502868364635416,Non-VPN
"('172.17.13.169', '239.255.255.250')",11,0,0.4850771480961253,Non-VPN
"('172.17.13.176', '172.17.15.255')",18,1,0.5321182711903052,VPN
"('172.17.13.176', '224.0.0.251')",34,1,0.5633691593527614,VPN
"('172.17.13.176', '224.0.0.252')",5,1,0.5245927279296018,VPN
"('172.17.13.176', '239.255.255.250')",10,1,0.5145359924329465,VPN
"('172.17.13.176', '255.255.255.255')",6,0,0.4853519535125812,Non-VPN
"('172.17.13.184', '224.0.0.251')",22,0,0.4695756314757418,Non-VPN
"('172.17.13.202', '172.17.15.255')",4,0,0.3782201239054793,Non-VPN
"('172.17.13.202', '224.0.0.251')",56,0,0.4860719010757282,Non-VPN
"('172.17.13.202', '239.255.255.250')",32,1,0.5433287673560595,VPN
"('172.17.13.220', '224.0.0.251')",2,1,0.5177630808702164,VPN
"('172.17.13.221', '224.0.0.251')",137,0,0.4893300304441938,Non-VPN
"('172.17.13.230', '224.0.0.251')",5,0,0.47936942646668285,Non-VPN
"('172.17.13.231', '224.0.0.251')",3,1,0.6805174232157816,VPN
"('172.17.13.234', '172.17.15.97')",11,0,0.37525512635744385,Non-VPN
"('172.17.13.234', '224.0.0.251')",50,0,0.4847997569294345,Non-VPN
"('172.17.13.234', '255.255.255.255')",10,0,0.3825718607811389,Non-VPN
"('172.17.13.247', '172.17.15.97')",12,0,0.44313540931627365,Non-VPN
"('172.17.13.247', '224.0.0.251')",621,0,0.4468376585126314,Non-VPN
"('172.17.13.251', '172.17.15.255')",6,0,0.46549452508349604,Non-VPN
"('172.17.13.251', '224.0.0.251')",23,0,0.46296775602978235,Non-VPN
"('172.17.13.251', '224.0.0.252')",2,1,0.5048355170743052,VPN
"('172.17.13.251', '239.255.255.250')",8,0,0.4926491678872463,Non-VPN
"('172.17.13.252', '224.0.0.251')",58,0,0.4800848704962782,Non-VPN
"('172.17.13.252', '239.255.255.250')",10,0,0.4998565696608327,Non-VPN
"('172.17.13.253', '224.0.0.251')",9,0,0.4788805467606938,Non-VPN
"('172.17.13.45', '239.255.255.250')",2,1,0.6238533516507172,VPN
"('172.17.13.60', '224.0.0.251')",10,0,0.40869808550323083,Non-VPN
"('172.17.13.75', '224.0.0.252')",2,1,0.5169457733919939,VPN
"('172.17.13.84', '172.17.15.255')",2,1,0.6021854604995894,VPN
"('172.17.13.84', '224.0.0.251')",592,0,0.452423775188282,Non-VPN
"('172.17.13.84', '239.255.255.250')",13,0,0.44455289142391147,Non-VPN
"('172.17.13.90', '239.255.255.250')",11,0,0.490863507820738,Non-VPN
"('172.17.13.91', '224.0.0.251')",14,1,0.5425654913928466,VPN
"('172.17.13.94', '172.17.15.255')",11,1,0.5230278040694263,VPN
"('172.17.13.94', '224.0.0.251')",20,0,0.46846585148672226,Non-VPN
"('172.17.13.94', '239.255.255.250')",2,1,0.6812200256584348,VPN
"('172.17.14.1', '172.17.15.255')",3,1,0.5450341516479568,VPN
"('172.17.14.1', '224.0.0.251')",18,0,0.44055278241363927,Non-VPN
"('172.17.14.103', '172.17.15.255')",10,1,0.5414678867123904,VPN
"('172.17.14.103', '224.0.0.251')",8,1,0.5586414814378017,VPN
"('172.17.14.103', '239.255.255.250')",13,0,0.485696492815375,Non-VPN
"('172.17.14.104', '224.0.0.251')",29,0,0.4656778809522351,Non-VPN
"('172.17.14.104', '239.255.255.250')",3,1,0.5171934499914224,VPN
"('172.17.14.111', '224.0.0.251')",13,0,0.42069093468583946,Non-VPN
"('172.17.14.113', '224.0.0.251')",28,0,0.39688298009295137,Non-VPN
"('172.17.14.127', '224.0.0.251')",9,1,0.5461278018869351,VPN
"('172.17.14.135', '224.0.0.251')",48,0,0.4847997569294345,Non-VPN
"('172.17.14.136', '224.0.0.251')",39,1,0.5065442127358485,VPN
"('172.17.14.143', '172.17.15.255')",25,1,0.6249616715958094,VPN
"('172.17.14.143', '224.0.0.251')",58,0,0.48679376696529597,Non-VPN
"('172.17.14.143', '224.0.0.252')",4,0,0.3425427066386513,Non-VPN
"('172.17.14.143', '239.255.255.250')",14,1,0.5125701487903428,VPN
"('172.17.14.145', '224.0.0.251')",50,0,0.4847997569294345,Non-VPN
"('172.17.14.149', '224.0.0.251')",517,0,0.4591789956958621,Non-VPN
"('172.17.14.149', '224.0.0.252')",2,0,0.46855856814510743,Non-VPN
"('172.17.14.153', '224.0.0.251')",3,0,0.47426437768208,Non-VPN
"('172.17.14.169', '224.0.0.251')",4,0,0.49701807662461817,Non-VPN
"('172.17.14.170', '224.0.0.251')",8,0,0.38571051586630645,Non-VPN
"('172.17.14.175', '172.17.15.255')",2,1,0.5532238133749336,VPN
"('172.17.14.175', '224.0.0.251')",12,0,0.4231105842741551,Non-VPN
"('172.17.14.175', '239.255.255.250')",2,1,0.5596472812808855,VPN
"('172.17.14.187', '224.0.0.251')",3,1,0.5277630808702164,VPN
"('172.17.14.193', '224.0.0.251')",44,0,0.4847997569294345,Non-VPN
"('172.17.14.199', '224.0.0.251')",2,1,0.5351168262244128,VPN
"('172.17.14.206', '172.17.15.255')",30,0,0.4846834887648272,Non-VPN
"('172.17.14.206', '224.0.0.251')",60,0,0.4912630271314204,Non-VPN
"('172.17.14.206', '224.0.0.252')",19,1,0.607079956575294,VPN
"('172.17.14.206', '239.255.255.250')",27,1,0.6069810687462627,VPN
"('172.17.14.207', '224.0.0.252')",3,1,0.5184423936613769,VPN
"('172.17.14.207', '239.255.255.250')",4,1,0.5312328413871509,VPN
"('172.17.14.21', '172.17.15.255')",14,0,0.4942492774022578,Non-VPN
"('172.17.14.21', '224.0.0.251')",35,0,0.48563378706786986,Non-VPN
"('172.17.14.21', '224.0.0.252')",5,1,0.5548747352341805,VPN
"('172.17.14.21', '239.255.255.250')",3,1,0.5496472812808855,VPN
"('172.17.14.214', '172.17.15.255')",15,1,0.504078218684718,VPN
"('172.17.14.214', '224.0.0.251')",40,1,0.651971352361921,VPN
"('172.17.14.214', '224.0.0.252')",4,0,0.47012332564104825,Non-VPN
"('172.17.14.214', '239.255.255.250')",13,1,0.508380165076257,VPN
"('172.17.14.214', '255.255.255.255')",65,0,0.4558383280353447,Non-VPN
"('172.17.14.215', '224.0.0.251')",5,0,0.3565886580540396,Non-VPN
"('172.17.14.219', '224.0.0.252')",2,1,0.5048355170743052,VPN
"('172.17.14.221', '224.0.0.251')",15,1,0.5777236630449394,VPN
"('172.17.14.23', '224.0.0.251')",634,0,0.4442862453243576,Non-VPN
"('172.17.14.28', '224.0.0.251')",3,0,0.47426437768208,Non-VPN
"('172.17.14.35', '224.0.0.251')",105,1,0.5644367750481778,VPN
"('172.17.14.4', '224.0.0.251')",2,1,0.5086701009420178,VPN
"('172.17.14.49', '224.0.0.251')",15,1,0.510968701067205,VPN
"('172.17.14.61', '224.0.0.251')",13,1,0.628873220728002,VPN
"('172.17.14.64', '172.17.15.255')",39,1,0.6319713523619211,VPN
"('172.17.14.64', '224.0.0.251')",73,0,0.4912386474877158,Non-VPN
"('172.17.14.64', '224.0.0.252')",31,1,0.5785000677236269,VPN
"('172.17.14.64', '239.255.255.250')",75,1,0.5936160037769611,VPN
"('172.17.14.66', '172.17.15.255')",12,0,0.4597106234618075,Non-VPN
"('172.17.14.66', '239.255.255.250')",7,1,0.5139998006760147,VPN
"('172.17.14.67', '224.0.0.251')",48,0,0.4959535339208721,Non-VPN
"('172.17.14.73', '172.17.15.255')",6,0,0.46826491402482284,Non-VPN
"('172.17.14.73', '224.0.0.251')",6,0,0.4410716814165783,Non-VPN
"('172.17.14.73', '224.0.0.252')",4,0,0.4277042023767472,Non-VPN
"('172.17.14.8', '224.0.0.251')",9,0,0.425875298561097,Non-VPN
"('172.17.14.80', '172.17.15.255')",12,1,0.5173688867849634,VPN
"('172.17.14.80', '224.0.0.251')",67,0,0.4800848704962782,Non-VPN
"('172.17.14.80', '239.255.255.250')",10,0,0.41154507979480387,Non-VPN
"('172.17.14.80', '255.255.255.255')",51,0,0.4574169302059212,Non-VPN
"('172.17.15.115', '224.0.0.251')",6,0,0.48701807662461816,Non-VPN
"('172.17.15.118', '224.0.0.252')",2,1,0.5048355170743052,VPN
"('172.17.15.126', '172.17.15.255')",16,0,0.38548775249984746,Non-VPN
"('172.17.15.126', '224.0.0.251')",76,0,0.49722567806716583,Non-VPN
"('172.17.15.126', '239.255.255.250')",56,0,0.42291933354806405,Non-VPN
"('172.17.15.13', '172.17.15.255')",3,1,0.514054566343799,VPN
"('172.17.15.13', '224.0.0.251')",42,0,0.49392689258769357,Non-VPN
"('172.17.15.13', '239.255.255.250')",10,1,0.630630061255019,VPN
"('172.17.15.130', '224.0.0.251')",43,0,0.4721305916824157,Non-VPN
"('172.17.15.132', '224.0.0.251')",17,0,0.39139868294194124,Non-VPN
"('172.17.15.136', '172.17.15.255')",8,0,0.4756753533921554,Non-VPN
"('172.17.15.14', '224.0.0.251')",10,0,0.4438723642199679,Non-VPN
"('172.17.15.14', '239.255.255.250')",8,1,0.5428984596744059,VPN
"('172.17.15.140', '172.17.15.255')",19,1,0.628914899737956,VPN
"('172.17.15.140', '224.0.0.251')",25,0,0.4947639591029771,Non-VPN
"('172.17.15.140', '239.255.255.250')",10,0,0.4524560625647225,Non-VPN
"('172.17.15.140', '255.255.255.255')",6,0,0.4807945168167553,Non-VPN
"('172.17.15.143', '172.17.15.255')",2,1,0.6502967615656788,VPN
"('172.17.15.143', '224.0.0.251')",29,1,0.5762761775789476,VPN
"('172.17.15.143', '239.255.255.250')",41,0,0.406322515270885,Non-VPN
"('172.17.15.146', '224.0.0.251')",3,0,0.4098874214250569,Non-VPN
"('172.17.15.147', '224.0.0.251')",3,0,0.47426437768208,Non-VPN
"('172.17.15.147', '239.255.255.250')",9,0,0.43107210860142126,Non-VPN
"('172.17.15.15', '224.0.0.251')",17,0,0.446706871727731,Non-VPN
"('172.17.15.151', '172.17.15.255')",4,0,0.47584824876366,Non-VPN
"('172.17.15.151', '224.0.0.251')",78,0,0.42957200206718243,Non-VPN
"('172.17.15.20', '224.0.0.251')",22,0,0.4961389292981239,Non-VPN
"('172.17.15.20', '224.0.0.252')",6,0,0.47121538883434555,Non-VPN
"('172.17.15.20', '239.255.255.250')",8,1,0.5002712204922806,VPN
"('172.17.15.204', '224.0.0.251')",633,0,0.4393039822815822,Non-VPN
"('172.17.15.204', '239.255.255.250')",11,0,0.4950771480961253,Non-VPN
"('172.17.15.205', '172.17.15.255')",3,1,0.5373722881805251,VPN
"('172.17.15.205', '172.17.15.97')",14,0,0.47144363351276825,Non-VPN
"('172.17.15.205', '224.0.0.251')",21,1,0.5928644214332112,VPN
"('172.17.15.211', '224.0.0.251')",45,0,0.49479975692943445,Non-VPN
"('172.17.15.214', '224.0.0.251')",31,0,0.4646762705003456,Non-VPN
"('172.17.15.226', '224.0.0.251')",52,0,0.4879398620082436,Non-VPN
"('172.17.15.231', '172.17.15.255')",2,1,0.6243746307635325,VPN
"('172.17.15.231', '224.0.0.251')",3,1,0.6379090355781666,VPN
"('172.17.15.231', '239.255.255.250')",19,0,0.3677772068423015,Non-VPN
"('172.17.15.232', '224.0.0.251')",18,0,0.3414025891446547,Non-VPN
"('172.17.15.233', '172.17.15.97')",12,0,0.3835011329790233,Non-VPN
"('172.17.15.233', '224.0.0.251')",55,0,0.46180065154171746,Non-VPN
"('172.17.15.234', '224.0.0.251')",78,1,0.5590551196173311,VPN
"('172.17.15.244', '172.17.15.97')",39,1,0.5066339773307333,VPN
"('172.17.15.244', '224.0.0.251')",373,0,0.4436747422180317,Non-VPN
"('172.17.15.244', '239.255.255.250')",8,1,0.5333759695857146,VPN
"('172.17.15.246', '224.0.0.251')",11,0,0.44326006979012,Non-VPN
"('172.17.15.254', '224.0.0.252')",2,1,0.5135135333925697,VPN
"('172.17.15.255', '172.17.15.41')",5,0,0.44263537759757937,Non-VPN
"('172.17.15.255', '172.17.15.68')",12,0,0.44811064341740253,Non-VPN
"('172.17.15.255', '172.17.15.73')",3,0,0.3744717330647929,Non-VPN
"('172.17.15.255', '172.17.15.95')",2,1,0.6812200256584348,VPN
"('172.17.15.255', '172.17.2.112')",7,0,0.4756753533921554,Non-VPN
"('172.17.15.255', '172.17.2.222')",2,1,0.5378847289258273,VPN
"('172.17.15.255', '172.17.2.237')",2,1,0.5001851220012531,VPN
"('172.17.15.255', '172.17.2.247')",2,1,0.6224716983409038,VPN
"('172.17.15.255', '172.17.2.60')",2,1,0.5390094830226257,VPN
"('172.17.15.255', '172.17.2.63')",11,1,0.5070753706232726,VPN
"('172.17.15.255', '172.17.3.118')",3,0,0.48370379202900965,Non-VPN
"('172.17.15.255', '172.17.3.137')",23,1,0.5629400775557778,VPN
"('172.17.15.255', '172.17.3.149')",2,1,0.6363721910630388,VPN
"('172.17.15.255', '172.17.3.207')",3,1,0.5450341516479568,VPN
"('172.17.15.255', '172.17.3.210')",4,1,0.6743989285217846,VPN
"('172.17.15.255', '172.17.3.212')",15,1,0.5074057842705315,VPN
"('172.17.15.255', '172.17.3.86')",3,0,0.3880040624001703,Non-VPN
"('172.17.15.255', '172.17.3.93')",18,1,0.6141935478600656,VPN
"('172.17.15.255', '172.17.4.131')",12,0,0.4597106234618075,Non-VPN
"('172.17.15.255', '172.17.4.141')",18,1,0.5240540178445964,VPN
"('172.17.15.255', '172.17.4.201')",2,1,0.6414132505989716,VPN
"('172.17.15.255', '172.17.4.75')",62,0,0.4788703596863909,Non-VPN
"('172.17.15.255', '172.17.4.85')",2,1,0.6383342719389445,VPN
"('172.17.15.255', '172.17.5.0')",12,0,0.46577250688483424,Non-VPN
"('172.17.15.255', '172.17.5.139')",12,0,0.42523630939265133,Non-VPN
"('172.17.15.255', '172.17.5.146')",2,1,0.6583063846919296,VPN
"('172.17.15.255', '172.17.5.189')",35,1,0.6219713523619211,VPN
"('172.17.15.255', '172.17.5.215')",2,1,0.5001851220012531,VPN
"('172.17.15.255', '172.17.5.218')",24,1,0.5079299162915052,VPN
"('172.17.15.255', '172.17.5.37')",11,0,0.4444295008491663,Non-VPN
"('172.17.15.255', '172.17.5.39')",13,1,0.6109224026108077,VPN
"('172.17.15.255', '172.17.5.77')",2,1,0.5223640514930871,VPN
"('172.17.15.255', '172.17.5.98')",45,0,0.4884201922800214,Non-VPN
"('172.17.15.255', '172.17.6.12')",4,0,0.38235005790368864,Non-VPN
"('172.17.15.255', '172.17.6.149')",4,1,0.6067179081626793,VPN
"('172.17.15.255', '172.17.6.152')",9,0,0.43829050030140004,Non-VPN
"('172.17.15.255', '172.17.6.175')",12,0,0.44564445151969695,Non-VPN
"('172.17.15.255', '172.17.6.182')",10,1,0.6057331156491929,VPN
"('172.17.15.255', '172.17.6.184')",12,1,0.5393155051717831,VPN
"('172.17.15.255', '172.17.6.209')",2,1,0.6414132505989716,VPN
"('172.17.15.255', '172.17.6.225')",12,0,0.4557725068848342,Non-VPN
"('172.17.15.255', '172.17.6.53')",12,0,0.4597106234618075,Non-VPN
"('172.17.15.255', '172.17.7.126')",15,1,0.5273688867849633,VPN
"('172.17.15.255', '172.17.7.131')",2,1,0.6370437960105512,VPN
"('172.17.15.255', '172.17.7.155')",32,0,0.40241084657351167,Non-VPN
"('172.17.15.255', '172.17.7.218')",4,0,0.420470685213669,Non-VPN
"('172.17.15.255', '172.17.7.219')",5,0,0.4608210923667649,Non-VPN
"('172.17.15.255', '172.17.7.43')",25,1,0.5114743930693413,VPN
"('172.17.15.255', '172.17.7.87')",21,0,0.4436284190956555,Non-VPN
"('172.17.15.255', '172.17.8.103')",7,1,0.6118516716235658,VPN
"('172.17.15.255', '172.17.8.106')",9,0,0.4306896555489203,Non-VPN
"('172.17.15.255', '172.17.8.114')",3,1,0.613327334513322,VPN
"('172.17.15.255', '172.17.8.118')",16,1,0.5153253109140481,VPN
"('172.17.15.255', '172.17.8.134')",9,0,0.46684170664877933,Non-VPN
"('172.17.15.255', '172.17.8.148')",14,1,0.5867940244990756,VPN
"('172.17.15.255', '172.17.8.196')",12,0,0.45125074849621166,Non-VPN
"('172.17.15.255', '172.17.8.235')",29,0,0.45752609800765043,Non-VPN
"('172.17.15.255', '172.17.8.237')",11,1,0.5995158347700009,VPN
"('172.17.15.255', '172.17.9.108')",13,0,0.4963959164209657,Non-VPN
"('172.17.15.255', '172.17.9.232')",9,0,0.41993061275246296,Non-VPN
"('172.17.15.255', '172.17.9.67')",15,1,0.6315982454286457,VPN
"('172.17.15.4', '172.17.15.97')",7,0,0.42241130214641215,Non-VPN
"('172.17.15.4', '224.0.0.251')",51,1,0.5007867875088845,VPN
"('172.17.15.4', '224.0.0.252')",8,0,0.41116084596395375,Non-VPN
"('172.17.15.4', '239.255.255.250')",22,1,0.5348073434230223,VPN
"('172.17.15.41', '224.0.0.251')",67,0,0.40560239649660834,Non-VPN
"('172.17.15.44', '224.0.0.251')",17,0,0.41433263215789956,Non-VPN
"('172.17.15.45', '224.0.0.251')",5,0,0.46549452508349604,Non-VPN
"('172.17.15.50', '224.0.0.251')",76,0,0.4786731530246568,Non-VPN
"('172.17.15.56', '172.17.15.97')",12,0,0.3994275601160809,Non-VPN
"('172.17.15.56', '224.0.0.251')",53,0,0.4847997569294345,Non-VPN
"('172.17.15.60', '224.0.0.251')",4,1,0.6221500130650269,VPN
"('172.17.15.68', '224.0.0.251')",22,1,0.5996244086077227,VPN
"('172.17.15.68', '224.0.0.252')",8,0,0.4478375702187587,Non-VPN
"('172.17.15.68', '239.255.255.250')",46,1,0.6358956116383783,VPN
"('172.17.15.70', '224.0.0.251')",12,1,0.5600213729235538,VPN
"('172.17.15.73', '224.0.0.251')",25,0,0.42478127856293973,Non-VPN
"('172.17.15.73', '239.255.255.250')",23,0,0.43061132472301017,Non-VPN
"('172.17.15.74', '224.0.0.251')",2,1,0.5596472812808855,VPN
"('172.17.15.74', '239.255.255.250')",10,1,0.6234591662690795,VPN
"('172.17.15.76', '224.0.0.251')",14,0,0.38504101352610065,Non-VPN
"('172.17.15.95', '224.0.0.251')",10,1,0.6091469806684153,VPN
"('172.17.15.95', '239.255.255.250')",8,1,0.5501593447602309,VPN
"('172.17.15.97', '172.17.2.158')",22,0,0.3673845474150118,Non-VPN
"('172.17.15.97', '172.17.2.222')",42,0,0.44056034945423256,Non-VPN
"('172.17.15.97', '172.17.2.48')",36,0,0.4256560707251535,Non-VPN
"('172.17.15.97', '172.17.22.121')",11,0,0.4348394225500602,Non-VPN
"('172.17.15.97', '172.17.3.119')",8,1,0.5484116625118197,VPN
"('172.17.15.97', '172.17.3.93')",11,0,0.4927447745149267,Non-VPN
"('172.17.15.97', '172.17.4.49')",26,0,0.47199820885589333,Non-VPN
"('172.17.15.97', '172.17.4.63')",8,1,0.5560993605824407,VPN
"('172.17.15.97', '172.17.5.145')",29,1,0.5523745704504825,VPN
"('172.17.15.97', '172.17.5.215')",25,0,0.37597862337699356,Non-VPN
"('172.17.15.97', '172.17.5.34')",11,0,0.4387894138127553,Non-VPN
"('172.17.15.97', '172.17.5.51')",30,0,0.4561959595180016,Non-VPN
"('172.17.15.97', '172.17.5.55')",11,0,0.4955656862850424,Non-VPN
"('172.17.15.97', '172.17.5.77')",12,0,0.3913496677303585,Non-VPN
"('172.17.15.97', '172.17.6.150')",3,1,0.5052197172291234,VPN
"('172.17.15.97', '172.17.6.175')",11,0,0.3542725827177118,Non-VPN
"('172.17.15.97', '172.17.7.107')",11,0,0.368478102375114,Non-VPN
"('172.17.15.97', '172.17.7.126')",2,1,0.536613830953208,VPN
"('172.17.15.97', '172.17.7.45')",12,0,0.438902450523127,Non-VPN
"('172.17.15.97', '172.17.8.198')",32,0,0.45526564227138394,Non-VPN
"('172.17.15.97', '172.17.8.94')",10,0,0.44585481162505,Non-VPN
"('172.17.15.97', '172.17.9.124')",25,0,0.34738872307669266,Non-VPN
"('172.17.15.97', '172.17.9.212')",31,0,0.4478253986187042,Non-VPN
"('172.17.15.97', '172.17.9.50')",23,0,0.3298506878689397,Non-VPN
"('172.17.15.97', '172.188.155.25')",38,1,0.6439818975188154,VPN
"('172.17.15.97', '185.159.159.148')",16,1,0.575450669750337,VPN
"('172.17.15.97', '192.168.2.63')",31,1,0.5116709738711637,VPN
"('172.17.15.97', '2.18.121.20')",84,0,0.34654912932292814,Non-VPN
"('172.17.15.97', '20.189.173.16')",112,0,0.2833111538383371,Non-VPN
"('172.17.15.97', '20.190.146.35')",33,0,0.3057488580493338,Non-VPN
"('172.17.15.97', '20.195.65.193')",101,1,0.6315737345467345,VPN
"('172.17.15.97', '20.210.166.59')",28,0,0.26998115965369934,Non-VPN
"('172.17.15.97', '20.50.73.4')",79,0,0.3720806878860155,Non-VPN
"('172.17.15.97', '217.72.12.1')",19,0,0.2818452734774826,Non-VPN
"('172.17.15.97', '224.0.0.22')",6,0,0.46967636773018157,Non-VPN
"('172.17.15.97', '224.0.0.251')",12,0,0.47175930357812546,Non-VPN
"('172.17.15.97', '224.0.0.252')",2,1,0.5048355170743052,VPN
"('172.17.15.97', '23.11.215.67')",257,0,0.23255125679745856,Non-VPN
"('172.17.15.97', '23.11.215.89')",206,0,0.2554946568681108,Non-VPN
"('172.17.15.97', '23.48.226.11')",49,0,0.33178497451641165,Non-VPN
"('172.17.15.97', '23.48.226.17')",68,0,0.3203441551449535,Non-VPN
"('172.17.15.97', '23.55.245.209')",11,0,0.3506295676237787,Non-VPN
"('172.17.15.97', '239.255.255.250')",11,1,0.5029047181908968,VPN
"('172.17.15.97', '4.213.25.240')",34,0,0.4044302565111352,Non-VPN
"('172.17.15.97', '4.213.25.241')",8,0,0.43912131140956673,Non-VPN
"('172.17.15.97', '40.126.32.101')",21,0,0.3685491862180789,Non-VPN
"('172.17.15.97', '52.105.223.41')",22,0,0.3557535230730517,Non-VPN
"('172.17.15.97', '57.144.223.32')",18,0,0.3672971563394264,Non-VPN
"('172.17.15.97', '64.236.59.233')",56,0,0.26537953170869943,Non-VPN
"('172.17.15.97', '69.10.39.162')",144,0,0.2532500768441286,Non-VPN
"('172.17.15.97', '72.154.7.102')",24,0,0.3707633394811614,Non-VPN
"('172.17.15.97', '72.246.76.169')",236,0,0.24569136187626764,Non-VPN
"('172.17.15.97', '72.246.77.186')",17,0,0.4103105474396824,Non-VPN
"('172.17.15.97', '8.8.4.4')",538,1,0.526568055039279,VPN
"('172.17.15.97', '8.8.8.8')",186,1,0.5948477367026185,VPN
"('172.17.15.97', '92.223.116.252')",444,0,0.2589735353034003,Non-VPN
"('172.17.2.105', '224.0.0.251')",13,0,0.34640300536326984,Non-VPN
"('172.17.2.116', '239.255.255.250')",6,0,0.47749768375452,Non-VPN
"('172.17.2.158', '224.0.0.251')",325,0,0.434389382855888,Non-VPN
"('172.17.2.164', '224.0.0.251')",39,0,0.4913774663238609,Non-VPN
"('172.17.2.164', '239.255.255.250')",3,1,0.5496472812808855,VPN
"('172.17.2.189', '224.0.0.252')",2,1,0.5053064569060955,VPN
"('172.17.2.195', '224.0.0.252')",2,1,0.5121663518272864,VPN
"('172.17.2.195', '239.255.255.250')",16,0,0.38789969368122884,Non-VPN
"('172.17.2.202', '239.255.255.250')",4,0,0.3691673857617906,Non-VPN
"('172.17.2.218', '224.0.0.251')",4,1,0.6606358987053443,VPN
"('172.17.2.22', '224.0.0.251')",3,0,0.4815952124350612,Non-VPN
"('172.17.2.222', '224.0.0.251')",49,0,0.4747997569294345,Non-VPN
"('172.17.2.234', '224.0.0.251')",9,0,0.42928424687874595,Non-VPN
"('172.17.2.237', '224.0.0.251')",6,0,0.4788805467606938,Non-VPN
"('172.17.2.247', '224.0.0.251')",38,1,0.5680636256171921,VPN
"('172.17.2.247', '239.255.255.250')",20,0,0.3837734008321487,Non-VPN
"('172.17.2.33', '224.0.0.251')",89,0,0.48322497557508726,Non-VPN
"('172.17.2.33', '224.0.0.252')",7,1,0.5853158921047656,VPN
"('172.17.2.48', '224.0.0.251')",49,0,0.4812674275940571,Non-VPN
"('172.17.2.59', '224.0.0.251')",23,1,0.618523783892392,VPN
"('172.17.2.6', '224.0.0.251')",11,1,0.5078980777077331,VPN
"('172.17.2.60', '224.0.0.251')",54,1,0.5350502394303625,VPN
"('172.17.2.60', '239.255.255.250')",40,1,0.504978301961978,VPN
"('172.17.2.63', '224.0.0.252')",2,0,0.49477517227509993,Non-VPN
"('172.17.2.68', '224.0.0.251')",47,0,0.49479975692943445,Non-VPN
"('172.17.2.75', '224.0.0.251')",49,0,0.4883320862648119,Non-VPN
"('172.17.2.75', '239.255.255.250')",25,0,0.41828222140300175,Non-VPN
"('172.17.20.246', '224.0.0.252')",2,1,0.6677289760505221,VPN
"('172.17.25.108', '172.17.31.255')",3,0,0.44880644874965114,Non-VPN
"('172.17.25.132', '239.255.255.250')",2,1,0.5119527187360038,VPN
"('172.17.26.109', '224.0.0.251')",5,0,0.4856207026986986,Non-VPN
"('172.17.26.209', '224.0.0.251')",2,0,0.44883433327155786,Non-VPN
"('172.17.29.5', '224.0.0.251')",5,0,0.3602256029599611,Non-VPN
"('172.17.29.5', '224.0.0.252')",2,1,0.5073607690500247,VPN
"('172.17.29.5', '239.255.255.250')",3,0,0.4014726951892913,Non-VPN
"('172.17.3.105', '224.0.0.251')",179,0,0.49878021441305903,Non-VPN
"('172.17.3.118', '224.0.0.251')",24,1,0.5062538146340487,VPN
"('172.17.3.136', '224.0.0.251')",24,0,0.46754162219841694,Non-VPN
"('172.17.3.137', '224.0.0.251')",151,0,0.4977407955662963,Non-VPN
"('172.17.3.137', '224.0.0.252')",35,1,0.5509174742219337,VPN
"('172.17.3.137', '239.255.255.250')",54,1,0.5524150388376814,VPN
"('172.17.3.137', '255.255.255.255')",7,1,0.5341629115672113,VPN
"('172.17.3.141', '224.0.0.251')",629,0,0.44518896727235413,Non-VPN
"('172.17.3.141', '239.255.255.250')",16,0,0.3384856377160228,Non-VPN
"('172.17.3.143', '224.0.0.251')",3,0,0.46735555014687236,Non-VPN
"('172.17.3.149', '224.0.0.251')",50,1,0.5019405645003221,VPN
"('172.17.3.149', '239.255.255.250')",13,0,0.48670343097528024,Non-VPN
"('172.17.3.161', '224.0.0.251')",34,1,0.537565495174823,VPN
"('172.17.3.185', '224.0.0.251')",4,1,0.5318344093885006,VPN
"('172.17.3.185', '239.255.255.250')",4,1,0.5318344093885006,VPN
"('172.17.3.19', '224.0.0.251')",15,0,0.4541308248983118,Non-VPN
"('172.17.3.195', '239.255.255.250')",38,1,0.5040808168493678,VPN
"('172.17.3.197', '224.0.0.251')",438,0,0.4484932552776031,Non-VPN
"('172.17.3.203', '224.0.0.251')",43,0,0.4712674275940571,Non-VPN
"('172.17.3.210', '224.0.0.251')",150,0,0.4523547999556046,Non-VPN
"('172.17.3.210', '239.255.255.250')",29,1,0.5663528949419618,VPN
"('172.17.3.211', '224.0.0.252')",2,1,0.5004616139116088,VPN
"('172.17.3.212', '224.0.0.251')",42,0,0.4881176222618658,Non-VPN
"('172.17.3.212', '239.255.255.250')",12,0,0.4993465992054303,Non-VPN
"('172.17.3.212', '255.255.255.255')",80,0,0.46566593209791557,Non-VPN
"('172.17.3.224', '224.0.0.251')",11,0,0.4694541164669537,Non-VPN
"('172.17.3.224', '239.255.255.250')",3,0,0.47942061557077736,Non-VPN
"('172.17.3.241', '224.0.0.251')",44,0,0.4847997569294345,Non-VPN
"('172.17.3.247', '239.255.255.250')",3,1,0.5180320193622656,VPN
"('172.17.3.28', '224.0.0.251')",3,0,0.47426437768208,Non-VPN
"('172.17.3.28', '239.255.255.250')",11,1,0.5098565696608327,VPN
"('172.17.3.29', '224.0.0.251')",32,0,0.4117555287996645,Non-VPN
"('172.17.3.33', '224.0.0.251')",23,1,0.5507950690677432,VPN
"('172.17.3.33', '239.255.255.250')",4,1,0.5404840010589111,VPN
"('172.17.3.34', '224.0.0.251')",17,1,0.5060654793287177,VPN
"('172.17.3.38', '224.0.0.251')",4,0,0.4159334888977188,Non-VPN
"('172.17.3.4', '224.0.0.251')",20,1,0.5242982655827135,VPN
"('172.17.3.49', '224.0.0.251')",42,0,0.4847997569294345,Non-VPN
"('172.17.3.49', '224.0.0.252')",8,1,0.5068837746069428,VPN
"('172.17.3.49', '239.255.255.250')",17,1,0.5731422720514517,VPN
"('172.17.3.53', '224.0.0.251')",5,1,0.6038470266684077,VPN
"('172.17.3.55', '224.0.0.251')",48,0,0.4747997569294345,Non-VPN
"('172.17.3.58', '224.0.0.251')",8,0,0.46684170664877933,Non-VPN
"('172.17.3.86', '224.0.0.251')",122,1,0.5489399365733743,VPN
"('172.17.3.86', '239.255.255.250')",23,1,0.5745421009715416,VPN
"('172.17.3.93', '224.0.0.251')",645,0,0.44518896727235413,Non-VPN
"('172.17.3.93', '239.255.255.250')",16,0,0.3525219550337057,Non-VPN
"('172.17.4.10', '224.0.0.251')",9,0,0.43022277698456607,Non-VPN
"('172.17.4.101', '224.0.0.251')",4,0,0.4993805780990374,Non-VPN
"('172.17.4.101', '239.255.255.250')",7,1,0.5275321300113921,VPN
"('172.17.4.104', '224.0.0.251')",172,0,0.4947497672027206,Non-VPN
"('172.17.4.105', '224.0.0.251')",27,0,0.4397552445348535,Non-VPN
"('172.17.4.118', '224.0.0.251')",12,0,0.4960410241058068,Non-VPN
"('172.17.4.124', '224.0.0.251')",18,1,0.5868597559964241,VPN
"('172.17.4.131', '224.0.0.251')",4,1,0.5344926854491461,VPN
"('172.17.4.131', '239.255.255.250')",8,1,0.536285037782062,VPN
"('172.17.4.134', '224.0.0.251')",9,1,0.5558924837661625,VPN
"('172.17.4.135', '224.0.0.251')",2,1,0.5077630808702164,VPN
"('172.17.4.137', '224.0.0.251')",3,0,0.37653289804006734,Non-VPN
"('172.17.4.141', '224.0.0.251')",58,0,0.4872256780671658,Non-VPN
"('172.17.4.141', '224.0.0.252')",4,0,0.32849710575112584,Non-VPN
"('172.17.4.141', '239.255.255.250')",36,1,0.5130853485108932,VPN
"('172.17.4.155', '239.255.255.250')",9,1,0.6091469806684153,VPN
"('172.17.4.165', '224.0.0.251')",20,0,0.41829874919166216,Non-VPN
"('172.17.4.173', '239.255.255.250')",2,1,0.5469290096661423,VPN
"('172.17.4.177', '239.255.255.250')",12,0,0.490863507820738,Non-VPN
"('172.17.4.184', '239.255.255.250')",12,0,0.490863507820738,Non-VPN
"('172.17.4.188', '224.0.0.251')",74,0,0.4860719010757282,Non-VPN
"('172.17.4.192', '224.0.0.251')",35,0,0.4350713967635778,Non-VPN
"('172.17.4.192', '239.255.255.250')",10,0,0.4950771480961253,Non-VPN
"('172.17.4.20', '224.0.0.252')",2,1,0.5135135333925697,VPN
"('172.17.4.201', '224.0.0.251')",231,0,0.4453426791458374,Non-VPN
"('172.17.4.201', '239.255.255.250')",17,1,0.5914450606966443,VPN
"('172.17.4.209', '224.0.0.251')",14,0,0.4519445212165033,Non-VPN
"('172.17.4.209', '239.255.255.250')",2,1,0.5596472812808855,VPN
"('172.17.4.226', '224.0.0.251')",36,0,0.47909465777358085,Non-VPN
"('172.17.4.237', '224.0.0.252')",2,1,0.5121663518272864,VPN
"('172.17.4.243', '224.0.0.251')",51,0,0.4847997569294345,Non-VPN
"('172.17.4.246', '224.0.0.251')",26,0,0.4362076251438644,Non-VPN
"('172.17.4.33', '239.255.255.250')",2,1,0.59625316570979,VPN
"('172.17.4.44', '224.0.0.251')",11,0,0.4960410241058068,Non-VPN
"('172.17.4.46', '224.0.0.251')",3,0,0.40284523306528314,Non-VPN
"('172.17.4.47', '224.0.0.251')",17,0,0.4031334640840981,Non-VPN
"('172.17.4.49', '224.0.0.251')",53,0,0.4883320862648119,Non-VPN
"('172.17.4.57', '224.0.0.251')",27,0,0.49231062194469305,Non-VPN
"('172.17.4.58', '224.0.0.251')",13,1,0.5485135366255424,VPN
"('172.17.4.63', '224.0.0.251')",266,0,0.4666748058324378,Non-VPN
"('172.17.4.75', '224.0.0.251')",36,0,0.4454662682407055,Non-VPN
"('172.17.4.77', '224.0.0.251')",6,1,0.508947921231442,VPN
"('172.17.4.82', '224.0.0.251')",29,1,0.5066022340062847,VPN
"('172.17.4.85', '224.0.0.251')",2,1,0.6812200256584348,VPN
"('172.17.4.85', '239.255.255.250')",19,0,0.38312240969632916,Non-VPN
"('172.17.4.99', '224.0.0.251')",46,0,0.4907867875088845,Non-VPN
"('172.17.5.0', '224.0.0.251')",2,1,0.5134449660632482,VPN
"('172.17.5.0', '224.0.0.252')",4,1,0.5117900517061894,VPN
"('172.17.5.0', '239.255.255.250')",18,0,0.46714550792888415,Non-VPN
"('172.17.5.120', '239.255.255.250')",4,1,0.6538647822310668,VPN
"('172.17.5.139', '224.0.0.251')",32,1,0.512628170060779,VPN
"('172.17.5.139', '224.0.0.252')",17,1,0.5062538146340487,VPN
"('172.17.5.141', '224.0.0.251')",7,0,0.48509182915964766,Non-VPN
"('172.17.5.145', '224.0.0.251')",49,0,0.4870089763960666,Non-VPN
"('172.17.5.146', '224.0.0.251')",21,0,0.4078154205899582,Non-VPN
"('172.17.5.146', '239.255.255.250')",27,0,0.4069131540109218,Non-VPN
"('172.17.5.161', '224.0.0.251')",14,0,0.49518215910932784,Non-VPN
"('172.17.5.170', '224.0.0.251')",16,0,0.4943473584717423,Non-VPN
"('172.17.5.178', '224.0.0.251')",8,0,0.4520171028947421,Non-VPN
"('172.17.5.180', '224.0.0.251')",3,0,0.47426437768208,Non-VPN
"('172.17.5.181', '224.0.0.252')",2,0,0.4730785171226307,Non-VPN
"('172.17.5.185', '224.0.0.251')",2,1,0.5068771774284919,VPN
"('172.17.5.186', '224.0.0.22')",5,0,0.43044617233340887,Non-VPN
"('172.17.5.186', '224.0.0.252')",2,1,0.5053064569060955,VPN
"('172.17.5.189', '224.0.0.251')",80,1,0.5608951170219535,VPN
"('172.17.5.189', '224.0.0.252')",18,1,0.6080906495805549,VPN
"('172.17.5.189', '239.255.255.250')",17,0,0.4954873624898913,Non-VPN
"('172.17.5.210', '239.255.255.250')",14,0,0.49219470619340105,Non-VPN
"('172.17.5.215', '224.0.0.251')",98,0,0.4824230070288465,Non-VPN
"('172.17.5.215', '224.0.0.252')",10,1,0.5994845403424502,VPN
"('172.17.5.218', '224.0.0.251')",23,0,0.4827742557663608,Non-VPN
"('172.17.5.218', '224.0.0.252')",11,0,0.41016261492543726,Non-VPN
"('172.17.5.218', '239.255.255.250')",109,0,0.43838396700682636,Non-VPN
"('172.17.5.24', '224.0.0.251')",22,0,0.41001405489238735,Non-VPN
"('172.17.5.248', '224.0.0.252')",2,1,0.5169457733919939,VPN
"('172.17.5.253', '224.0.0.251')",2,1,0.6812200256584348,VPN
"('172.17.5.253', '239.255.255.250')",14,0,0.350926922748162,Non-VPN
"('172.17.5.254', '239.255.255.250')",10,1,0.5098565696608327,VPN
"('172.17.5.30', '224.0.0.251')",51,0,0.4883320862648119,Non-VPN
"('172.17.5.30', '224.0.0.252')",3,0,0.4448786637564936,Non-VPN
"('172.17.5.34', '224.0.0.251')",643,0,0.4393039822815822,Non-VPN
"('172.17.5.37', '255.255.255.255')",10,0,0.41431958468797186,Non-VPN
"('172.17.5.39', '224.0.0.251')",9,0,0.40315017341281245,Non-VPN
"('172.17.5.39', '224.0.0.252')",4,0,0.49227515656790316,Non-VPN
"('172.17.5.39', '239.255.255.250')",3,1,0.5182064985209849,VPN
"('172.17.5.45', '224.0.0.251')",6,0,0.4788805467606938,Non-VPN
"('172.17.5.47', '224.0.0.251')",14,1,0.5061376496859601,VPN
"('172.17.5.51', '224.0.0.251')",671,0,0.4451352763302209,Non-VPN
"('172.17.5.55', '224.0.0.251')",51,0,0.4883320862648119,Non-VPN
"('172.17.5.56', '224.0.0.252')",3,0,0.48121538883434556,Non-VPN
"('172.17.5.66', '224.0.0.252')",2,1,0.5048355170743052,VPN
"('172.17.5.71', '224.0.0.251')",12,1,0.5694190324342587,VPN
"('172.17.5.77', '224.0.0.251')",41,0,0.4621305916824157,Non-VPN
"('172.17.5.91', '224.0.0.251')",17,1,0.5838766568106264,VPN
"('172.17.5.94', '224.0.0.251')",5,0,0.47196219574811865,Non-VPN
"('172.17.5.98', '224.0.0.251')",76,0,0.49722567806716583,Non-VPN
"('172.17.5.98', '224.0.0.252')",17,0,0.4134973620002606,Non-VPN
"('172.17.6.0', '224.0.0.251')",15,1,0.6042561909562321,VPN
"('172.17.6.103', '224.0.0.251')",11,0,0.4368590343402913,Non-VPN
"('172.17.6.103', '224.0.0.252')",2,0,0.4925717516053968,Non-VPN
"('172.17.6.104', '224.0.0.251')",7,1,0.5015868305456815,VPN
"('172.17.6.107', '239.255.255.250')",12,0,0.490863507820738,Non-VPN
"('172.17.6.11', '239.255.255.250')",12,0,0.49985656966083275,Non-VPN
"('172.17.6.12', '224.0.0.251')",661,0,0.42284800923885973,Non-VPN
"('172.17.6.12', '239.255.255.250')",12,0,0.4788365978941841,Non-VPN
"('172.17.6.126', '224.0.0.251')",2,1,0.5077630808702164,VPN
"('172.17.6.146', '224.0.0.251')",48,0,0.4807867875088845,Non-VPN
"('172.17.6.149', '224.0.0.251')",4,1,0.6241189388704564,VPN
"('172.17.6.149', '239.255.255.250')",13,1,0.5845027263578063,VPN
"('172.17.6.150', '224.0.0.251')",32,0,0.4984563329248062,Non-VPN
"('172.17.6.150', '255.255.255.255')",11,0,0.46130009162095126,Non-VPN
"('172.17.6.152', '224.0.0.251')",3,0,0.47426437768208,Non-VPN
"('172.17.6.158', '224.0.0.251')",6,1,0.5858816733940858,VPN
"('172.17.6.167', '224.0.0.251')",41,0,0.4844345059439059,Non-VPN
"('172.17.6.175', '224.0.0.251')",50,0,0.4847997569294345,Non-VPN
"('172.17.6.175', '224.0.0.252')",2,1,0.5121663518272864,VPN
"('172.17.6.182', '224.0.0.251')",20,1,0.5262232271727526,VPN
"('172.17.6.182', '224.0.0.252')",4,0,0.4492687828567007,Non-VPN
"('172.17.6.184', '224.0.0.251')",54,0,0.4800848704962782,Non-VPN
"('172.17.6.184', '224.0.0.252')",6,1,0.5953517368830424,VPN
"('172.17.6.184', '239.255.255.250')",10,1,0.5056429293854454,VPN
"('172.17.6.189', '224.0.0.252')",2,1,0.5062947497778122,VPN
"('172.17.6.190', '224.0.0.251')",69,1,0.5094823531749346,VPN
"('172.17.6.194', '224.0.0.251')",604,0,0.46063085167475604,Non-VPN
"('172.17.6.194', '239.255.255.250')",10,0,0.4950771480961253,Non-VPN
"('172.17.6.201', '224.0.0.251')",18,0,0.45509796056744456,Non-VPN
"('172.17.6.209', '224.0.0.251')",583,0,0.45497518837655576,Non-VPN
"('172.17.6.209', '239.255.255.250')",16,1,0.5156042473890832,VPN
"('172.17.6.225', '224.0.0.252')",4,1,0.5022751565679031,VPN
"('172.17.6.225', '239.255.255.250')",6,0,0.3642910390006954,Non-VPN
"('172.17.6.238', '224.0.0.251')",17,0,0.4450186226278159,Non-VPN
"('172.17.6.243', '224.0.0.251')",4,0,0.49704083805308336,Non-VPN
"('172.17.6.249', '224.0.0.251')",10,0,0.4780432450907311,Non-VPN
"('172.17.6.255', '224.0.0.251')",6,0,0.40449712150389777,Non-VPN
"('172.17.6.255', '239.255.255.250')",15,0,0.49694089784436474,Non-VPN
"('172.17.6.26', '224.0.0.251')",10,1,0.5155599411751648,VPN
"('172.17.6.29', '224.0.0.251')",23,0,0.4610584273430278,Non-VPN
"('172.17.6.39', '239.255.255.250')",98,1,0.5470273543706569,VPN
"('172.17.6.49', '224.0.0.251')",5,1,0.6197864394788735,VPN
"('172.17.6.50', '224.0.0.251')",55,0,0.4769447654174691,Non-VPN
"('172.17.6.50', '239.255.255.250')",28,1,0.5371298391451571,VPN
"('172.17.6.53', '224.0.0.251')",12,1,0.5070254407872361,VPN
"('172.17.6.53', '224.0.0.252')",8,0,0.436549557943551,Non-VPN
"('172.17.6.53', '239.255.255.250')",10,0,0.43855668193247493,Non-VPN
"('172.17.6.56', '224.0.0.251')",15,0,0.49794206373396394,Non-VPN
"('172.17.6.56', '239.255.255.250')",3,0,0.42128819559609554,Non-VPN
"('172.17.6.70', '224.0.0.251')",25,0,0.4215667543470576,Non-VPN
"('172.17.6.78', '224.0.0.251')",15,1,0.5943005528728447,VPN
"('172.17.6.93', '239.255.255.250')",7,1,0.5286414814378017,VPN
"('172.17.6.98', '224.0.0.251')",48,0,0.4704576115999236,Non-VPN
"('172.17.6.98', '239.255.255.250')",10,0,0.4850771480961253,Non-VPN
"('172.17.7.100', '224.0.0.251')",51,0,0.4847997569294345,Non-VPN
"('172.17.7.107', '224.0.0.251')",55,0,0.4769447654174691,Non-VPN
"('172.17.7.108', '224.0.0.251')",52,0,0.4907867875088845,Non-VPN
"('172.17.7.108', '239.255.255.250')",9,0,0.47669558971051434,Non-VPN
"('172.17.7.110', '239.255.255.250')",2,1,0.534426702845593,VPN
"('172.17.7.117', '224.0.0.251')",87,0,0.48322497557508726,Non-VPN
"('172.17.7.126', '224.0.0.251')",26,1,0.6090766866050373,VPN
"('172.17.7.126', '239.255.255.250')",10,0,0.4470407829096018,Non-VPN
"('172.17.7.126', '255.255.255.255')",6,1,0.5410644593467695,VPN
"('172.17.7.131', '224.0.0.251')",654,0,0.4393039822815822,Non-VPN
"('172.17.7.131', '239.255.255.250')",13,0,0.4942751795498845,Non-VPN
"('172.17.7.158', '224.0.0.251')",3,0,0.47426437768208,Non-VPN
"('172.17.7.165', '224.0.0.251')",19,0,0.4822788416441426,Non-VPN
"('172.17.7.173', '224.0.0.251')",604,0,0.44744151214550665,Non-VPN
"('172.17.7.173', '239.255.255.250')",7,0,0.4154118453858399,Non-VPN
"('172.17.7.202', '224.0.0.251')",7,1,0.5508262189276423,VPN
"('172.17.7.202', '239.255.255.250')",19,0,0.3607586528929809,Non-VPN
"('172.17.7.204', '239.255.255.250')",3,1,0.5496472812808855,VPN
"('172.17.7.21', '224.0.0.251')",517,0,0.4591789956958621,Non-VPN
"('172.17.7.218', '224.0.0.251')",10,0,0.42299813354587634,Non-VPN
"('172.17.7.218', '239.255.255.250')",10,0,0.4299367440422893,Non-VPN
"('172.17.7.219', '224.0.0.251')",57,0,0.46494075662052653,Non-VPN
"('172.17.7.219', '239.255.255.250')",17,0,0.47984353605408936,Non-VPN
"('172.17.7.220', '224.0.0.251')",14,0,0.3934775070679384,Non-VPN
"('172.17.7.251', '224.0.0.251')",7,0,0.42928424687874595,Non-VPN
"('172.17.7.43', '224.0.0.251')",58,1,0.5210696449894463,VPN
"('172.17.7.43', '224.0.0.252')",14,0,0.41552352188860664,Non-VPN
"('172.17.7.43', '239.255.255.250')",48,0,0.47627225792315353,Non-VPN
"('172.17.7.45', '224.0.0.251')",47,0,0.47793986200824357,Non-VPN
"('172.17.7.46', '224.0.0.251')",9,0,0.4159358525420074,Non-VPN
"('172.17.7.54', '224.0.0.251')",84,0,0.48558464299123416,Non-VPN
"('172.17.7.54', '224.0.0.252')",6,0,0.48796322592451796,Non-VPN
"('172.17.7.54', '239.255.255.250')",26,1,0.5275224715011224,VPN
"('172.17.7.58', '224.0.0.251')",4,1,0.6241189388704564,VPN
"('172.17.7.58', '224.0.0.252')",2,1,0.5121663518272864,VPN
"('172.17.7.58', '239.255.255.250')",17,0,0.33749631285902554,Non-VPN
"('172.17.7.86', '224.0.0.251')",487,0,0.440971919209388,Non-VPN
"('172.17.7.87', '224.0.0.251')",175,0,0.49384151277920824,Non-VPN
"('172.17.7.87', '224.0.0.252')",11,1,0.5291567559897579,VPN
"('172.17.7.87', '239.255.255.250')",144,0,0.4245815548624507,Non-VPN
"('172.17.7.89', '224.0.0.251')",37,0,0.47132733066322047,Non-VPN
"('172.17.8.103', '224.0.0.251')",399,0,0.45849325527760315,Non-VPN
"('172.17.8.104', '224.0.0.251')",3,1,0.5277630808702164,VPN
"('172.17.8.105', '224.0.0.251')",7,0,0.39858946767033665,Non-VPN
"('172.17.8.114', '224.0.0.251')",434,0,0.4484932552776031,Non-VPN
"('172.17.8.118', '224.0.0.251')",621,0,0.4468376585126314,Non-VPN
"('172.17.8.118', '239.255.255.250')",17,1,0.5700303869965951,VPN
"('172.17.8.118', '255.255.255.255')",99,0,0.459591118130306,Non-VPN
"('172.17.8.129', '224.0.0.251')",47,0,0.4747997569294345,Non-VPN
"('172.17.8.134', '224.0.0.251')",13,1,0.5077611110415317,VPN
"('172.17.8.134', '224.0.0.252')",8,0,0.4685061241949323,Non-VPN
"('172.17.8.134', '239.255.255.250')",7,1,0.5255646301747212,VPN
"('172.17.8.138', '239.255.255.250')",4,0,0.4210828331862869,Non-VPN
"('172.17.8.146', '224.0.0.251')",17,1,0.6187256574948629,VPN
"('172.17.8.146', '224.0.0.252')",3,1,0.6201947418347593,VPN
"('172.17.8.148', '224.0.0.251')",75,0,0.48440313221022946,Non-VPN
"('172.17.8.148', '224.0.0.252')",12,1,0.5540242329628057,VPN
"('172.17.8.148', '239.255.255.250')",28,1,0.5233682984467536,VPN
"('172.17.8.153', '224.0.0.251')",40,0,0.41405015423820407,Non-VPN
"('172.17.8.159', '224.0.0.251')",151,0,0.4960997943360698,Non-VPN
"('172.17.8.164', '224.0.0.251')",37,0,0.44566559535734285,Non-VPN
"('172.17.8.164', '239.255.255.250')",9,0,0.4295296988486635,Non-VPN
"('172.17.8.166', '224.0.0.251')",3,0,0.4815952124350612,Non-VPN
"('172.17.8.167', '239.255.255.250')",9,1,0.5633513563799594,VPN
"('172.17.8.181', '224.0.0.251')",584,0,0.452423775188282,Non-VPN
"('172.17.8.181', '239.255.255.250')",15,0,0.48577683880648237,Non-VPN
"('172.17.8.182', '224.0.0.251')",51,0,0.4847997569294345,Non-VPN
"('172.17.8.191', '224.0.0.251')",17,0,0.446769904303224,Non-VPN
"('172.17.8.196', '224.0.0.251')",46,0,0.47322497557508725,Non-VPN
"('172.17.8.196', '224.0.0.252')",4,0,0.4890153125059081,Non-VPN
"('172.17.8.196', '239.255.255.250')",9,1,0.5191937386994082,VPN
"('172.17.8.198', '224.0.0.251')",45,0,0.4872544581735071,Non-VPN
"('172.17.8.220', '224.0.0.251')",29,0,0.4324219617898637,Non-VPN
"('172.17.8.220', '239.255.255.250')",3,1,0.5072288729975,VPN
"('172.17.8.223', '224.0.0.251')",49,1,0.5007867875088845,VPN
"('172.17.8.227', '224.0.0.251')",249,0,0.4863391429764715,Non-VPN
"('172.17.8.227', '239.255.255.250')",6,1,0.6195483520640649,VPN
"('172.17.8.235', '224.0.0.251')",6,0,0.42656369138612876,Non-VPN
"('172.17.8.235', '224.0.0.252')",12,0,0.4298771235293644,Non-VPN
"('172.17.8.235', '239.255.255.250')",44,1,0.5564243091312938,VPN
"('172.17.8.235', '255.255.255.255')",7,0,0.4126595615696932,Non-VPN
"('172.17.8.238', '224.0.0.251')",21,0,0.4169030420630921,Non-VPN
"('172.17.8.249', '224.0.0.251')",4,1,0.5482509649844887,VPN
"('172.17.8.249', '239.255.255.250')",2,1,0.5119527187360038,VPN
"('172.17.8.255', '224.0.0.251')",55,0,0.4769447654174691,Non-VPN
"('172.17.8.3', '224.0.0.251')",11,1,0.5133533883868272,VPN
"('172.17.8.3', '224.0.0.252')",4,0,0.43620037624938507,Non-VPN
"('172.17.8.3', '239.255.255.250')",15,0,0.47405717632947664,Non-VPN
"('172.17.8.35', '224.0.0.251')",7,0,0.4007793877282117,Non-VPN
"('172.17.8.57', '224.0.0.251')",13,0,0.33451220070174775,Non-VPN
"('172.17.8.75', '224.0.0.251')",590,0,0.42379546904835835,Non-VPN
"('172.17.8.94', '224.0.0.251')",43,0,0.4838591710638753,Non-VPN
"('172.17.8.99', '224.0.0.251')",595,0,0.452423775188282,Non-VPN
"('172.17.8.99', '239.255.255.250')",9,1,0.5402943037517258,VPN
"('172.17.9.107', '224.0.0.251')",3,1,0.6704502177091446,VPN
"('172.17.9.107', '239.255.255.250')",17,1,0.5957982506238085,VPN
"('172.17.9.108', '255.255.255.255')",51,0,0.4811595286125299,Non-VPN
"('172.17.9.12', '224.0.0.252')",2,1,0.5048355170743052,VPN
"('172.17.9.124', '224.0.0.251')",49,0,0.4847997569294345,Non-VPN
"('172.17.9.133', '224.0.0.251')",3,1,0.6952296392738521,VPN
"('172.17.9.133', '239.255.255.250')",14,0,0.3493457370443957,Non-VPN
"('172.17.9.139', '224.0.0.251')",10,0,0.4646335394257251,Non-VPN
"('172.17.9.144', '224.0.0.251')",6,0,0.3793177721383244,Non-VPN
"('172.17.9.152', '224.0.0.251')",54,0,0.49479975692943445,Non-VPN
"('172.17.9.152', '255.255.255.255')",3,1,0.5785966363165017,VPN
"('172.17.9.161', '255.255.255.255')",2,1,0.5512859021219005,VPN
"('172.17.9.163', '224.0.0.251')",126,0,0.4792590364096618,Non-VPN
"('172.17.9.163', '239.255.255.250')",11,0,0.490863507820738,Non-VPN
"('172.17.9.165', '224.0.0.251')",54,0,0.47619009471182056,Non-VPN
"('172.17.9.166', '224.0.0.251')",36,0,0.45083234176933046,Non-VPN
"('172.17.9.173', '224.0.0.251')",10,0,0.4834023927124919,Non-VPN
"('172.17.9.191', '224.0.0.251')",5,0,0.47196219574811865,Non-VPN
"('172.17.9.207', '239.255.255.250')",3,1,0.5272502024701882,VPN
"('172.17.9.208', '224.0.0.251')",52,0,0.4915762079950512,Non-VPN
"('172.17.9.209', '224.0.0.251')",9,0,0.4410587257508052,Non-VPN
"('172.17.9.212', '224.0.0.251')",46,0,0.49479975692943445,Non-VPN
"('172.17.9.227', '239.255.255.250')",2,1,0.6812200256584348,VPN
"('172.17.9.23', '224.0.0.251')",9,0,0.3941841493090584,Non-VPN
"('172.17.9.232', '224.0.0.251')",10,1,0.5579065906138747,VPN
"('172.17.9.232', '239.255.255.250')",3,1,0.5496472812808855,VPN
"('172.17.9.250', '224.0.0.251')",3,1,0.6554765774533411,VPN
"('172.17.9.252', '239.255.255.250')",2,1,0.5596472812808855,VPN
"('172.17.9.60', '224.0.0.251')",49,0,0.4847997569294345,Non-VPN
"('172.17.9.67', '224.0.0.251')",14,1,0.6143005528728447,VPN
"('172.17.9.67', '224.0.0.252')",6,1,0.5578426029354072,VPN
"('172.17.9.67', '239.255.255.250')",6,1,0.6373971115664442,VPN
"('172.17.9.70', '224.0.0.251')",37,0,0.435627295559386,Non-VPN
"('172.17.9.76', '224.0.0.251')",45,0,0.4847997569294345,Non-VPN
"('172.17.9.76', '239.255.255.250')",14,0,0.4979810659180138,Non-VPN
"('172.17.9.78', '224.0.0.251')",10,1,0.5095247470898113,VPN
"('172.17.9.78', '239.255.255.250')",2,1,0.5397297873521277,VPN
"('172.17.9.80', '239.255.255.250')",4,1,0.6800214948414145,VPN
"('172.17.9.96', '224.0.0.251')",15,0,0.4783169247165651,Non-VPN
"('172.17.9.99', '224.0.0.251')",13,0,0.31366258066980335,Non-VPN
"('172.31.95.184', '224.0.0.251')",3,0,0.4515569428555128,Non-VPN
"('172.31.95.209', '224.0.0.251')",5,0,0.42935478887839906,Non-VPN
"('172.31.95.213', '239.255.255.250')",2,0,0.4815268524891429,Non-VPN
"('172.31.96.171', '224.0.0.251')",2,1,0.5113914476937174,VPN
"('192.168.112.175', '192.168.115.255')",12,0,0.45606030637281625,Non-VPN
"('192.168.112.175', '224.0.0.251')",13,0,0.4642673828592904,Non-VPN
"('192.168.112.175', '224.0.0.252')",7,0,0.4747531939889088,Non-VPN
"('192.168.112.175', '239.255.255.250')",12,0,0.39116276933466926,Non-VPN
"('nan', 'nan')",55831,0,0.31788754228673444,Non-VPN
